"Title","Oddelek","Vrstni red","RutinaAktivna","Velja OD","Velja DO"
"Razrez","Proizvodnja","10","True","13. 07. 2026",
"Krivljenje - 1","Proizvodnja","20","True","13. 07. 2026",
"Krivljenje - 2","Proizvodnja","25","True","13. 07. 2026",
"Varjenje - malo","Proizvodnja","30","True","13. 07. 2026",
"Varjenje - veliko","Proizvodnja","35","True","13. 07. 2026",
"Brušenje","Proizvodnja","40","True","13. 07. 2026",
"Varjenje - točkovno","Proizvodnja","38","True","13. 07. 2026",
"Montaža - 1","Montaža","100","True","13. 07. 2026",
"Montaža - 2","Montaža","105","True","13. 07. 2026",
"Elektro montaža","Elektro montaža","150","True","13. 07. 2026",
"Testiranje","Testiranje","200","True","13. 07. 2026",
