"Title","NaslovRutine","DatumKey","Datum","KontrolnaTockaID","KontrolnaTockaKoda","KontrolnaTockaNaziv","VrstniRed","CasKontrole","TipVnosa","Odgovor","DosezenProcent","CiljniProcent","Komentar","CasovneIzgubeMin","Izpolnjeno","ImaOdstopanje","CasZakljucka"
"20260803-PREVZEM_0730","20260803-PREVZEM_0730","20260803","3. 08. 2026","1","PREVZEM_0730","Prevzem materiala","2","07:30","DA_NE","DA",,,"Ni pospravljeno","0","True","False","3. 08. 2026 07:33"
"20260803-DOSTAVA_NEDOKONCANI","20260803-DOSTAVA_NEDOKONCANI","20260803","3. 08. 2026","2","DOSTAVA_NEDOKONCANI","Dopolnjevanje nalogov","2","08:30","DA_NE",,,,,"0","False","False",
"20260803-PLAN_1","20260803-PLAN_1","20260803","3. 08. 2026","3","PLAN_1","Dnevni plan 1","3","09:45","PROCENT",,"41","40",,"0","True","False","3. 08. 2026 07:33"
"20260803-PLAN_2","20260803-PLAN_2","20260803","3. 08. 2026","4","PLAN_2","Dnevni plan 2","4","13:30","PROCENT",,"100","100",,"0","True","False","3. 08. 2026 07:33"
"20260803-MATERIAL_SERVIS","20260803-MATERIAL_SERVIS","20260803","3. 08. 2026","5","MATERIAL_SERVIS","Material za serviserje","5","14:00","DA_NE","DA",,,,"0","True","False","3. 08. 2026 07:33"
"20260804-PREVZEM_0730","20260804-PREVZEM_0730","20260804","4. 08. 2026","1","PREVZEM_0730","Prevzem materiala","2","07:30","DA_NE","DA",,,,"0","True","False","4. 08. 2026 07:23"
"20260804-DOSTAVA_NEDOKONCANI","20260804-DOSTAVA_NEDOKONCANI","20260804","4. 08. 2026","2","DOSTAVA_NEDOKONCANI","Dopolnjevanje nalogov","2","08:30","DA_NE",,,,,"0","False","False",
"20260804-PLAN_1","20260804-PLAN_1","20260804","4. 08. 2026","3","PLAN_1","Dnevni plan 1","3","09:45","PROCENT",,"41","40",,"0","True","False","4. 08. 2026 07:23"
"20260804-PLAN_2","20260804-PLAN_2","20260804","4. 08. 2026","4","PLAN_2","Dnevni plan 2","4","13:30","PROCENT",,"100","100",,"0","True","False","4. 08. 2026 07:23"
"20260804-MATERIAL_SERVIS","20260804-MATERIAL_SERVIS","20260804","4. 08. 2026","5","MATERIAL_SERVIS","Material za serviserje","5","14:00","DA_NE","DA",,,,"0","True","False","4. 08. 2026 07:23"
"20260805-PREVZEM_0730","20260805-PREVZEM_0730","20260805","5. 08. 2026","1","PREVZEM_0730","Prevzem materiala","2","07:30","DA_NE","DA",,,"Ni pospravljeno - dostavljeno","0","True","False","5. 08. 2026 14:35"
"20260805-DOSTAVA_NEDOKONCANI","20260805-DOSTAVA_NEDOKONCANI","20260805","5. 08. 2026","2","DOSTAVA_NEDOKONCANI","Dopolnjevanje nalogov","2","08:30","DA_NE","DA",,,,"0","True","False","5. 08. 2026 14:35"
"20260805-PLAN_1","20260805-PLAN_1","20260805","5. 08. 2026","3","PLAN_1","Dnevni plan 1","3","09:45","PROCENT",,"41","40",,"0","True","False","5. 08. 2026 14:35"
"20260805-PLAN_2","20260805-PLAN_2","20260805","5. 08. 2026","4","PLAN_2","Dnevni plan 2","4","13:30","PROCENT",,"85","100","Vitirne delo.","90","True","True","5. 08. 2026 14:35"
"20260805-MATERIAL_SERVIS","20260805-MATERIAL_SERVIS","20260805","5. 08. 2026","5","MATERIAL_SERVIS","Material za serviserje","5","14:00","DA_NE","DA",,,,"0","True","False","5. 08. 2026 14:35"
"20260918-PREVZEM_0730","20260918-PREVZEM_0730","20260918","18. 09. 2026","1","PREVZEM_0730","Prevzem materiala","2","07:30","DA_NE","DA",,,"vse ok 1","1","True","False","18. 09. 2026 13:08"
"20260918-DOSTAVA_NEDOKONCANI","20260918-DOSTAVA_NEDOKONCANI","20260918","18. 09. 2026","2","DOSTAVA_NEDOKONCANI","Dopolnjevanje nalogov","2","08:30","DA_NE","DA",,,"vse ok 2","2","True","False","18. 09. 2026 13:08"
"20260918-PLAN_1","20260918-PLAN_1","20260918","18. 09. 2026","3","PLAN_1","Dnevni plan 1","3","09:45","PROCENT",,"26","40","zamude s servisom","90","True","True","18. 09. 2026 13:08"
"20260918-PLAN_2","20260918-PLAN_2","20260918","18. 09. 2026","4","PLAN_2","Dnevni plan 2","4","13:30","PROCENT",,"100","100",,"4","True","False","18. 09. 2026 13:08"
"20260918-MATERIAL_SERVIS","20260918-MATERIAL_SERVIS","20260918","18. 09. 2026","5","MATERIAL_SERVIS","Material za serviserje","5","14:00","DA_NE","DA",,,"vse ok","5","True","False","18. 09. 2026 13:08"
